{
  "data": [
    {
        "employee_id": 1,
        "first_name": "Rajesh",
        "last_name": "Elite",
        "tatal_ctc": "10000",
        "fixed_ctc": "15000",
        "variable_ctc": "5000",
        "actual_day":31,
        "working_day":29,
        "componentCalculations": [
            {
                "Component_Name":"Basic Salary",
                "formula":["fixed_ctc", "*", "40", "/100"],
                "amount": 6000,
                "compoentCode": "DQS1"
            },
            {
                "Component_Name":"HRA",
                "formula":["DQS1", "*", "50", "/100"],
                "amount": 3000,
                "compoentCode": "DQS2"

            },
            {
                "Component_Name":"Food Coupon",
                "formula":["1,200"],
                "amount": 2200,
                "compoentCode": "DQS3"
   
            },
            {
                "Component_Name":"Travel Allowance.",
                "formula":["DQS1"],
                "amount": 6000,
                "compoentCode": "DQS4"
  
            },
            {
                "Component_Name":"PF",
                "formula":["1,800"],
                "amount": 1800,
                "compoentCode": "DQS5"

            },
            {
                "Component_Name":"Gratuity",
                "formula":["DQS1", "*", "4.81", "/100"],
                "amount": 288.6,
                "compoentCode": "DQS6"
            },
            {
                "Component_Name":"Insurance",
                "formula":["DQS1", "*", "4.81", "/100"],
                "amount": 2886,
                "compoentCode": "DQS7"
            },
            {
                "Component_Name":"Other Allow.",
                "formula":["DQS1", "-", "DQS2", "-","DQS3", "-","DQS4", "-","DQS5", "-","DQS6", "-","DQS7"],
                "amount": 24000,
                "compoentCode": "DQS8"
            },
            {
                "Component_Name":"Gross Earnings",
                "amount": 800,
                "compoentCode": "DQS9"
            },
            {
                "Component_Name":"Basic Salary",
                "amount": 1902000,
                "compoentCode": "DQS10"
            }
        ]
    },
    {
        "employee_id": 2,
        "first_name": "MD",
        "last_name": "Singh",
        "tatal_ctc": "1100000",
        "fixed_ctc": "600000",
        "variable_ctc": null,
        "componentCalculations": [
            {

                "amount": 600000,
                "compoentCode": "DQS1"
            },
            {
                "amount": 3000,
                "compoentCode": "DQS2"
            },
            {
           
                "amount": 2200,
                "compoentCode": "DQS3"
            },
            {
               
                "amount": 603000,
                "compoentCode": "DQS4"
            },
            {
          
                "amount": 600000,
                "compoentCode": "DQS5"
            },
            {
          
                "amount": 1805200,
                "compoentCode": "DQS6"
            },
            {
            
                "amount": 72000,
                "compoentCode": "DQS7"
            },
            {
      
                "amount": 24000,
                "compoentCode": "DQS8"
            },
            {
         
                "amount": 800,
                "compoentCode": "DQS9"
            },
            {
         
                "amount": 1902000,
                "compoentCode": "DQS10"
            }
        ]
    }
  ]

}